alpha,K,d,mixture_id,dataset_id,n,N,cost_scheme,algorithm,ari,mixture_key
1,4,5,0,0,50,800,constant,single,-6.508135833122545e-05,mixture/1/4/5/0
1,4,5,0,0,50,800,constant,average,0.5948995208054592,mixture/1/4/5/0
1,4,5,0,0,50,800,constant,pam,0.5862335692483445,mixture/1/4/5/0
1,4,5,0,0,100,800,constant,single,0.00011099160414273175,mixture/1/4/5/0
1,4,5,0,0,100,800,constant,average,0.6938634062301658,mixture/1/4/5/0
1,4,5,0,0,100,800,constant,pam,0.9200899927263524,mixture/1/4/5/0
1,4,5,0,0,150,800,constant,single,0.302195872053766,mixture/1/4/5/0
1,4,5,0,0,150,800,constant,average,1.0,mixture/1/4/5/0
1,4,5,0,0,150,800,constant,pam,0.935698358872195,mixture/1/4/5/0
1,4,5,0,0,200,800,constant,single,0.3048080945594415,mixture/1/4/5/0
1,4,5,0,0,200,800,constant,average,1.0,mixture/1/4/5/0
1,4,5,0,0,200,800,constant,pam,0.969112200533903,mixture/1/4/5/0
1,4,5,0,0,250,800,constant,single,0.3034930654753343,mixture/1/4/5/0
1,4,5,0,0,250,800,constant,average,1.0,mixture/1/4/5/0
1,4,5,0,0,250,800,constant,pam,0.9793583930870229,mixture/1/4/5/0
1,4,5,0,0,300,800,constant,single,0.3048080945594415,mixture/1/4/5/0
1,4,5,0,0,300,800,constant,average,1.0,mixture/1/4/5/0
1,4,5,0,0,300,800,constant,pam,0.989660481555107,mixture/1/4/5/0
1,4,5,0,0,350,800,constant,single,0.6938634062301658,mixture/1/4/5/0
1,4,5,0,0,350,800,constant,average,1.0,mixture/1/4/5/0
1,4,5,0,0,350,800,constant,pam,0.9930899226146291,mixture/1/4/5/0
1,4,5,0,0,400,800,constant,single,1.0,mixture/1/4/5/0
1,4,5,0,0,400,800,constant,average,1.0,mixture/1/4/5/0
1,4,5,0,0,400,800,constant,pam,0.9965364567560075,mixture/1/4/5/0
1,4,5,0,0,450,800,constant,single,1.0,mixture/1/4/5/0
1,4,5,0,0,450,800,constant,average,1.0,mixture/1/4/5/0
1,4,5,0,0,450,800,constant,pam,1.0,mixture/1/4/5/0
1,4,5,0,0,500,800,constant,single,1.0,mixture/1/4/5/0
1,4,5,0,0,500,800,constant,average,1.0,mixture/1/4/5/0
1,4,5,0,0,500,800,constant,pam,1.0,mixture/1/4/5/0
1,4,5,0,1,50,800,constant,single,-0.00011451527638456462,mixture/1/4/5/0
1,4,5,0,1,50,800,constant,average,0.6436519665229441,mixture/1/4/5/0
1,4,5,0,1,50,800,constant,pam,0.7245922377410892,mixture/1/4/5/0
1,4,5,0,1,100,800,constant,single,-0.00029059841852862667,mixture/1/4/5/0
1,4,5,0,1,100,800,constant,average,0.9868450696042802,mixture/1/4/5/0
1,4,5,0,1,100,800,constant,pam,0.8751522845249066,mixture/1/4/5/0
1,4,5,0,1,150,800,constant,single,0.32154417270349844,mixture/1/4/5/0
1,4,5,0,1,150,800,constant,average,1.0,mixture/1/4/5/0
1,4,5,0,1,150,800,constant,pam,0.9605589468383996,mixture/1/4/5/0
1,4,5,0,1,200,800,constant,single,0.3202499023044768,mixture/1/4/5/0
1,4,5,0,1,200,800,constant,average,0.7194596411097596,mixture/1/4/5/0
1,4,5,0,1,200,800,constant,pam,1.0,mixture/1/4/5/0
1,4,5,0,1,250,800,constant,single,0.7170049443453375,mixture/1/4/5/0
1,4,5,0,1,250,800,constant,average,1.0,mixture/1/4/5/0
1,4,5,0,1,250,800,constant,pam,0.9900828091708149,mixture/1/4/5/0
1,4,5,0,1,300,800,constant,single,0.7170049443453375,mixture/1/4/5/0
1,4,5,0,1,300,800,constant,average,1.0,mixture/1/4/5/0
1,4,5,0,1,300,800,constant,pam,0.9933402877080721,mixture/1/4/5/0
1,4,5,0,1,350,800,constant,single,0.7170049443453375,mixture/1/4/5/0
1,4,5,0,1,350,800,constant,average,1.0,mixture/1/4/5/0
1,4,5,0,1,350,800,constant,pam,0.9966865720970932,mixture/1/4/5/0
1,4,5,0,1,400,800,constant,single,0.716037913825938,mixture/1/4/5/0
1,4,5,0,1,400,800,constant,average,1.0,mixture/1/4/5/0
1,4,5,0,1,400,800,constant,pam,1.0,mixture/1/4/5/0
1,4,5,0,1,450,800,constant,single,0.716037913825938,mixture/1/4/5/0
1,4,5,0,1,450,800,constant,average,1.0,mixture/1/4/5/0
1,4,5,0,1,450,800,constant,pam,1.0,mixture/1/4/5/0
1,4,5,0,1,500,800,constant,single,0.716037913825938,mixture/1/4/5/0
1,4,5,0,1,500,800,constant,average,1.0,mixture/1/4/5/0
1,4,5,0,1,500,800,constant,pam,1.0,mixture/1/4/5/0
1,4,5,0,2,50,800,constant,single,-0.0001595420570175028,mixture/1/4/5/0
1,4,5,0,2,50,800,constant,average,0.6989680674905417,mixture/1/4/5/0
1,4,5,0,2,50,800,constant,pam,0.5825152258096612,mixture/1/4/5/0
1,4,5,0,2,100,800,constant,single,-0.0001595420570175028,mixture/1/4/5/0
1,4,5,0,2,100,800,constant,average,0.9750387959880474,mixture/1/4/5/0
1,4,5,0,2,100,800,constant,pam,0.875296611140651,mixture/1/4/5/0
1,4,5,0,2,150,800,constant,single,0.33416920520438853,mixture/1/4/5/0
1,4,5,0,2,150,800,constant,average,1.0,mixture/1/4/5/0
1,4,5,0,2,150,800,constant,pam,0.9453209222534582,mixture/1/4/5/0
1,4,5,0,2,200,800,constant,single,0.33416920520438853,mixture/1/4/5/0
1,4,5,0,2,200,800,constant,average,1.0,mixture/1/4/5/0
1,4,5,0,2,200,800,constant,pam,0.9842748287312394,mixture/1/4/5/0
1,4,5,0,2,250,800,constant,single,0.33416920520438853,mixture/1/4/5/0
1,4,5,0,2,250,800,constant,average,1.0,mixture/1/4/5/0
1,4,5,0,2,250,800,constant,pam,0.9809186929680324,mixture/1/4/5/0
1,4,5,0,2,300,800,constant,single,0.33416920520438853,mixture/1/4/5/0
1,4,5,0,2,300,800,constant,average,1.0,mixture/1/4/5/0
1,4,5,0,2,300,800,constant,pam,0.9936610667678957,mixture/1/4/5/0
1,4,5,0,2,350,800,constant,single,1.0,mixture/1/4/5/0
1,4,5,0,2,350,800,constant,average,1.0,mixture/1/4/5/0
1,4,5,0,2,350,800,constant,pam,1.0,mixture/1/4/5/0
1,4,5,0,2,400,800,constant,single,0.7361574678572799,mixture/1/4/5/0
1,4,5,0,2,400,800,constant,average,1.0,mixture/1/4/5/0
1,4,5,0,2,400,800,constant,pam,1.0,mixture/1/4/5/0
1,4,5,0,2,450,800,constant,single,1.0,mixture/1/4/5/0
1,4,5,0,2,450,800,constant,average,1.0,mixture/1/4/5/0
1,4,5,0,2,450,800,constant,pam,1.0,mixture/1/4/5/0
1,4,5,0,2,500,800,constant,single,1.0,mixture/1/4/5/0
1,4,5,0,2,500,800,constant,average,1.0,mixture/1/4/5/0
1,4,5,0,2,500,800,constant,pam,0.9968224442595723,mixture/1/4/5/0
1,4,5,0,3,50,800,constant,single,0.00025961173076946787,mixture/1/4/5/0
1,4,5,0,3,50,800,constant,average,0.6108484934429766,mixture/1/4/5/0
1,4,5,0,3,50,800,constant,pam,0.779689349232213,mixture/1/4/5/0
1,4,5,0,3,100,800,constant,single,-7.571549129382668e-05,mixture/1/4/5/0
1,4,5,0,3,100,800,constant,average,0.9933382852269271,mixture/1/4/5/0
1,4,5,0,3,100,800,constant,pam,0.7872960378218214,mixture/1/4/5/0
1,4,5,0,3,150,800,constant,single,0.3035769104031005,mixture/1/4/5/0
1,4,5,0,3,150,800,constant,average,1.0,mixture/1/4/5/0
1,4,5,0,3,150,800,constant,pam,0.9324575118182635,mixture/1/4/5/0
1,4,5,0,3,200,800,constant,single,0.3035769104031005,mixture/1/4/5/0
1,4,5,0,3,200,800,constant,average,1.0,mixture/1/4/5/0
1,4,5,0,3,200,800,constant,pam,0.9827875467026261,mixture/1/4/5/0
1,4,5,0,3,250,800,constant,single,0.3049025137957035,mixture/1/4/5/0
1,4,5,0,3,250,800,constant,average,1.0,mixture/1/4/5/0
1,4,5,0,3,250,800,constant,pam,0.9931043103830719,mixture/1/4/5/0
1,4,5,0,3,300,800,constant,single,0.3061804002305003,mixture/1/4/5/0
1,4,5,0,3,300,800,constant,average,1.0,mixture/1/4/5/0
1,4,5,0,3,300,800,constant,pam,0.9930874982803112,mixture/1/4/5/0
1,4,5,0,3,350,800,constant,single,0.6926257707846787,mixture/1/4/5/0
1,4,5,0,3,350,800,constant,average,1.0,mixture/1/4/5/0
1,4,5,0,3,350,800,constant,pam,1.0,mixture/1/4/5/0
1,4,5,0,3,400,800,constant,single,1.0,mixture/1/4/5/0
1,4,5,0,3,400,800,constant,average,1.0,mixture/1/4/5/0
1,4,5,0,3,400,800,constant,pam,1.0,mixture/1/4/5/0
1,4,5,0,3,450,800,constant,single,1.0,mixture/1/4/5/0
1,4,5,0,3,450,800,constant,average,1.0,mixture/1/4/5/0
1,4,5,0,3,450,800,constant,pam,1.0,mixture/1/4/5/0
1,4,5,0,3,500,800,constant,single,1.0,mixture/1/4/5/0
1,4,5,0,3,500,800,constant,average,1.0,mixture/1/4/5/0
1,4,5,0,3,500,800,constant,pam,1.0,mixture/1/4/5/0
1,4,5,0,4,50,800,constant,single,-7.433099653426087e-05,mixture/1/4/5/0
1,4,5,0,4,50,800,constant,average,0.6378541331907902,mixture/1/4/5/0
1,4,5,0,4,50,800,constant,pam,0.7547317864071652,mixture/1/4/5/0
1,4,5,0,4,100,800,constant,single,-0.0001246068310383409,mixture/1/4/5/0
1,4,5,0,4,100,800,constant,average,0.7173244971564581,mixture/1/4/5/0
1,4,5,0,4,100,800,constant,pam,0.8794171891865638,mixture/1/4/5/0
1,4,5,0,4,150,800,constant,single,0.33587246629564743,mixture/1/4/5/0
1,4,5,0,4,150,800,constant,average,1.0,mixture/1/4/5/0
1,4,5,0,4,150,800,constant,pam,0.9480331306291067,mixture/1/4/5/0
1,4,5,0,4,200,800,constant,single,0.33587246629564743,mixture/1/4/5/0
1,4,5,0,4,200,800,constant,average,1.0,mixture/1/4/5/0
1,4,5,0,4,200,800,constant,pam,0.9870276118111858,mixture/1/4/5/0
1,4,5,0,4,250,800,constant,single,0.7222851860487495,mixture/1/4/5/0
1,4,5,0,4,250,800,constant,average,1.0,mixture/1/4/5/0
1,4,5,0,4,250,800,constant,pam,1.0,mixture/1/4/5/0
1,4,5,0,4,300,800,constant,single,0.7223180206440625,mixture/1/4/5/0
1,4,5,0,4,300,800,constant,average,1.0,mixture/1/4/5/0
1,4,5,0,4,300,800,constant,pam,1.0,mixture/1/4/5/0
1,4,5,0,4,350,800,constant,single,0.7223180206440625,mixture/1/4/5/0
1,4,5,0,4,350,800,constant,average,1.0,mixture/1/4/5/0
1,4,5,0,4,350,800,constant,pam,0.9934642572155394,mixture/1/4/5/0
1,4,5,0,4,400,800,constant,single,1.0,mixture/1/4/5/0
1,4,5,0,4,400,800,constant,average,1.0,mixture/1/4/5/0
1,4,5,0,4,400,800,constant,pam,1.0,mixture/1/4/5/0
1,4,5,0,4,450,800,constant,single,1.0,mixture/1/4/5/0
1,4,5,0,4,450,800,constant,average,1.0,mixture/1/4/5/0
1,4,5,0,4,450,800,constant,pam,1.0,mixture/1/4/5/0
1,4,5,0,4,500,800,constant,single,1.0,mixture/1/4/5/0
1,4,5,0,4,500,800,constant,average,1.0,mixture/1/4/5/0
1,4,5,0,4,500,800,constant,pam,1.0,mixture/1/4/5/0
1,4,5,0,5,50,800,constant,single,0.00011741406110290897,mixture/1/4/5/0
1,4,5,0,5,50,800,constant,average,0.6446922314497014,mixture/1/4/5/0
1,4,5,0,5,50,800,constant,pam,0.7174507892160534,mixture/1/4/5/0
1,4,5,0,5,100,800,constant,single,0.0001593308291895568,mixture/1/4/5/0
1,4,5,0,5,100,800,constant,average,0.6835142266080362,mixture/1/4/5/0
1,4,5,0,5,100,800,constant,pam,0.9090532726648219,mixture/1/4/5/0
1,4,5,0,5,150,800,constant,single,0.3081878882583409,mixture/1/4/5/0
1,4,5,0,5,150,800,constant,average,1.0,mixture/1/4/5/0
1,4,5,0,5,150,800,constant,pam,0.9758764742447902,mixture/1/4/5/0
1,4,5,0,5,200,800,constant,single,0.3096119316544553,mixture/1/4/5/0
1,4,5,0,5,200,800,constant,average,1.0,mixture/1/4/5/0
1,4,5,0,5,200,800,constant,pam,0.9897085760003761,mixture/1/4/5/0
1,4,5,0,5,250,800,constant,single,0.3110541061454512,mixture/1/4/5/0
1,4,5,0,5,250,800,constant,average,1.0,mixture/1/4/5/0
1,4,5,0,5,250,800,constant,pam,1.0,mixture/1/4/5/0
1,4,5,0,5,300,800,constant,single,0.6875851030686797,mixture/1/4/5/0
1,4,5,0,5,300,800,constant,average,1.0,mixture/1/4/5/0
1,4,5,0,5,300,800,constant,pam,1.0,mixture/1/4/5/0
1,4,5,0,5,350,800,constant,single,1.0,mixture/1/4/5/0
1,4,5,0,5,350,800,constant,average,1.0,mixture/1/4/5/0
1,4,5,0,5,350,800,constant,pam,1.0,mixture/1/4/5/0
1,4,5,0,5,400,800,constant,single,1.0,mixture/1/4/5/0
1,4,5,0,5,400,800,constant,average,1.0,mixture/1/4/5/0
1,4,5,0,5,400,800,constant,pam,1.0,mixture/1/4/5/0
1,4,5,0,5,450,800,constant,single,1.0,mixture/1/4/5/0
1,4,5,0,5,450,800,constant,average,1.0,mixture/1/4/5/0
1,4,5,0,5,450,800,constant,pam,1.0,mixture/1/4/5/0
1,4,5,0,5,500,800,constant,single,1.0,mixture/1/4/5/0
1,4,5,0,5,500,800,constant,average,1.0,mixture/1/4/5/0
1,4,5,0,5,500,800,constant,pam,1.0,mixture/1/4/5/0
1,4,5,0,6,50,800,constant,single,-0.00043835493641833107,mixture/1/4/5/0
1,4,5,0,6,50,800,constant,average,0.6250855427466303,mixture/1/4/5/0
1,4,5,0,6,50,800,constant,pam,0.6355585279889887,mixture/1/4/5/0
1,4,5,0,6,100,800,constant,single,-0.00043835493641833107,mixture/1/4/5/0
1,4,5,0,6,100,800,constant,average,0.9901455642961574,mixture/1/4/5/0
1,4,5,0,6,100,800,constant,pam,0.875401403497852,mixture/1/4/5/0
1,4,5,0,6,150,800,constant,single,-0.00011965986113794867,mixture/1/4/5/0
1,4,5,0,6,150,800,constant,average,1.0,mixture/1/4/5/0
1,4,5,0,6,150,800,constant,pam,0.964890616311858,mixture/1/4/5/0
1,4,5,0,6,200,800,constant,single,0.3367587180696367,mixture/1/4/5/0
1,4,5,0,6,200,800,constant,average,1.0,mixture/1/4/5/0
1,4,5,0,6,200,800,constant,pam,0.9839548775723241,mixture/1/4/5/0
1,4,5,0,6,250,800,constant,single,0.33806247931832256,mixture/1/4/5/0
1,4,5,0,6,250,800,constant,average,1.0,mixture/1/4/5/0
1,4,5,0,6,250,800,constant,pam,0.9869995503958005,mixture/1/4/5/0
1,4,5,0,6,300,800,constant,single,1.0,mixture/1/4/5/0
1,4,5,0,6,300,800,constant,average,1.0,mixture/1/4/5/0
1,4,5,0,6,300,800,constant,pam,0.9937266939322899,mixture/1/4/5/0
1,4,5,0,6,350,800,constant,single,1.0,mixture/1/4/5/0
1,4,5,0,6,350,800,constant,average,1.0,mixture/1/4/5/0
1,4,5,0,6,350,800,constant,pam,0.996646199041846,mixture/1/4/5/0
1,4,5,0,6,400,800,constant,single,1.0,mixture/1/4/5/0
1,4,5,0,6,400,800,constant,average,1.0,mixture/1/4/5/0
1,4,5,0,6,400,800,constant,pam,0.996646199041846,mixture/1/4/5/0
1,4,5,0,6,450,800,constant,single,1.0,mixture/1/4/5/0
1,4,5,0,6,450,800,constant,average,1.0,mixture/1/4/5/0
1,4,5,0,6,450,800,constant,pam,1.0,mixture/1/4/5/0
1,4,5,0,6,500,800,constant,single,1.0,mixture/1/4/5/0
1,4,5,0,6,500,800,constant,average,1.0,mixture/1/4/5/0
1,4,5,0,6,500,800,constant,pam,1.0,mixture/1/4/5/0
1,4,5,0,7,50,800,constant,single,7.236763626083233e-06,mixture/1/4/5/0
1,4,5,0,7,50,800,constant,average,0.6432659846154813,mixture/1/4/5/0
1,4,5,0,7,50,800,constant,pam,0.7055274694450279,mixture/1/4/5/0
1,4,5,0,7,100,800,constant,single,0.00027548303580215435,mixture/1/4/5/0
1,4,5,0,7,100,800,constant,average,0.9965517662210124,mixture/1/4/5/0
1,4,5,0,7,100,800,constant,pam,0.8485698700206527,mixture/1/4/5/0
1,4,5,0,7,150,800,constant,single,0.3065785062288939,mixture/1/4/5/0
1,4,5,0,7,150,800,constant,average,1.0,mixture/1/4/5/0
1,4,5,0,7,150,800,constant,pam,0.9727138539600955,mixture/1/4/5/0
1,4,5,0,7,200,800,constant,single,0.307929232205542,mixture/1/4/5/0
1,4,5,0,7,200,800,constant,average,1.0,mixture/1/4/5/0
1,4,5,0,7,200,800,constant,pam,0.9897067705811968,mixture/1/4/5/0
1,4,5,0,7,250,800,constant,single,0.307929232205542,mixture/1/4/5/0
1,4,5,0,7,250,800,constant,average,1.0,mixture/1/4/5/0
1,4,5,0,7,250,800,constant,pam,1.0,mixture/1/4/5/0
1,4,5,0,7,300,800,constant,single,0.6952856236432253,mixture/1/4/5/0
1,4,5,0,7,300,800,constant,average,1.0,mixture/1/4/5/0
1,4,5,0,7,300,800,constant,pam,0.9965517662210124,mixture/1/4/5/0
1,4,5,0,7,350,800,constant,single,0.6952856236432253,mixture/1/4/5/0
1,4,5,0,7,350,800,constant,average,1.0,mixture/1/4/5/0
1,4,5,0,7,350,800,constant,pam,1.0,mixture/1/4/5/0
1,4,5,0,7,400,800,constant,single,0.6952856236432253,mixture/1/4/5/0
1,4,5,0,7,400,800,constant,average,1.0,mixture/1/4/5/0
1,4,5,0,7,400,800,constant,pam,0.9965517662210124,mixture/1/4/5/0
1,4,5,0,7,450,800,constant,single,1.0,mixture/1/4/5/0
1,4,5,0,7,450,800,constant,average,1.0,mixture/1/4/5/0
1,4,5,0,7,450,800,constant,pam,0.9965517662210124,mixture/1/4/5/0
1,4,5,0,7,500,800,constant,single,1.0,mixture/1/4/5/0
1,4,5,0,7,500,800,constant,average,1.0,mixture/1/4/5/0
1,4,5,0,7,500,800,constant,pam,1.0,mixture/1/4/5/0
1,4,5,0,8,50,800,constant,single,0.00016797081754640642,mixture/1/4/5/0
1,4,5,0,8,50,800,constant,average,0.5445061075804845,mixture/1/4/5/0
1,4,5,0,8,50,800,constant,pam,0.6936563657330335,mixture/1/4/5/0
1,4,5,0,8,100,800,constant,single,5.066586218379486e-05,mixture/1/4/5/0
1,4,5,0,8,100,800,constant,average,0.9897798265054908,mixture/1/4/5/0
1,4,5,0,8,100,800,constant,pam,0.7926959066673823,mixture/1/4/5/0
1,4,5,0,8,150,800,constant,single,0.00016797081754640642,mixture/1/4/5/0
1,4,5,0,8,150,800,constant,average,0.6932596965846317,mixture/1/4/5/0
1,4,5,0,8,150,800,constant,pam,0.9390910839066968,mixture/1/4/5/0
1,4,5,0,8,200,800,constant,single,0.3242029008471442,mixture/1/4/5/0
1,4,5,0,8,200,800,constant,average,1.0,mixture/1/4/5/0
1,4,5,0,8,200,800,constant,pam,0.973275423053727,mixture/1/4/5/0
1,4,5,0,8,250,800,constant,single,0.00025176007137684325,mixture/1/4/5/0
1,4,5,0,8,250,800,constant,average,1.0,mixture/1/4/5/0
1,4,5,0,8,250,800,constant,pam,0.9933486977880377,mixture/1/4/5/0
1,4,5,0,8,300,800,constant,single,0.3257596646514309,mixture/1/4/5/0
1,4,5,0,8,300,800,constant,average,1.0,mixture/1/4/5/0
1,4,5,0,8,300,800,constant,pam,0.9966656997348249,mixture/1/4/5/0
1,4,5,0,8,350,800,constant,single,1.0,mixture/1/4/5/0
1,4,5,0,8,350,800,constant,average,1.0,mixture/1/4/5/0
1,4,5,0,8,350,800,constant,pam,0.9966656997348249,mixture/1/4/5/0
1,4,5,0,8,400,800,constant,single,1.0,mixture/1/4/5/0
1,4,5,0,8,400,800,constant,average,1.0,mixture/1/4/5/0
1,4,5,0,8,400,800,constant,pam,1.0,mixture/1/4/5/0
1,4,5,0,8,450,800,constant,single,1.0,mixture/1/4/5/0
1,4,5,0,8,450,800,constant,average,1.0,mixture/1/4/5/0
1,4,5,0,8,450,800,constant,pam,1.0,mixture/1/4/5/0
1,4,5,0,8,500,800,constant,single,1.0,mixture/1/4/5/0
1,4,5,0,8,500,800,constant,average,1.0,mixture/1/4/5/0
1,4,5,0,8,500,800,constant,pam,1.0,mixture/1/4/5/0
1,4,5,0,9,50,800,constant,single,-0.00043914433903685754,mixture/1/4/5/0
1,4,5,0,9,50,800,constant,average,0.6179265499547905,mixture/1/4/5/0
1,4,5,0,9,50,800,constant,pam,0.6341458844724309,mixture/1/4/5/0
1,4,5,0,9,100,800,constant,single,9.818676119181375e-05,mixture/1/4/5/0
1,4,5,0,9,100,800,constant,average,0.6909345777679708,mixture/1/4/5/0
1,4,5,0,9,100,800,constant,pam,0.9023021855591039,mixture/1/4/5/0
1,4,5,0,9,150,800,constant,single,0.00028289432689541954,mixture/1/4/5/0
1,4,5,0,9,150,800,constant,average,1.0,mixture/1/4/5/0
1,4,5,0,9,150,800,constant,pam,0.97668204729239,mixture/1/4/5/0
1,4,5,0,9,200,800,constant,single,0.3093275425211423,mixture/1/4/5/0
1,4,5,0,9,200,800,constant,average,1.0,mixture/1/4/5/0
1,4,5,0,9,200,800,constant,pam,0.9798596966286699,mixture/1/4/5/0
1,4,5,0,9,250,800,constant,single,0.3093275425211423,mixture/1/4/5/0
1,4,5,0,9,250,800,constant,average,1.0,mixture/1/4/5/0
1,4,5,0,9,250,800,constant,pam,0.9871120902324325,mixture/1/4/5/0
1,4,5,0,9,300,800,constant,single,0.3093275425211423,mixture/1/4/5/0
1,4,5,0,9,300,800,constant,average,1.0,mixture/1/4/5/0
1,4,5,0,9,300,800,constant,pam,0.9967536114929404,mixture/1/4/5/0
1,4,5,0,9,350,800,constant,single,0.7244670356554929,mixture/1/4/5/0
1,4,5,0,9,350,800,constant,average,1.0,mixture/1/4/5/0
1,4,5,0,9,350,800,constant,pam,1.0,mixture/1/4/5/0
1,4,5,0,9,400,800,constant,single,0.7244670356554929,mixture/1/4/5/0
1,4,5,0,9,400,800,constant,average,1.0,mixture/1/4/5/0
1,4,5,0,9,400,800,constant,pam,1.0,mixture/1/4/5/0
1,4,5,0,9,450,800,constant,single,1.0,mixture/1/4/5/0
1,4,5,0,9,450,800,constant,average,1.0,mixture/1/4/5/0
1,4,5,0,9,450,800,constant,pam,1.0,mixture/1/4/5/0
1,4,5,0,9,500,800,constant,single,1.0,mixture/1/4/5/0
1,4,5,0,9,500,800,constant,average,1.0,mixture/1/4/5/0
1,4,5,0,9,500,800,constant,pam,1.0,mixture/1/4/5/0
1,4,5,0,10,50,800,constant,single,0.00023025375731816462,mixture/1/4/5/0
1,4,5,0,10,50,800,constant,average,0.652511422615389,mixture/1/4/5/0
1,4,5,0,10,50,800,constant,pam,0.7378600875728172,mixture/1/4/5/0
1,4,5,0,10,100,800,constant,single,0.0002889837905812751,mixture/1/4/5/0
1,4,5,0,10,100,800,constant,average,0.6871868957802225,mixture/1/4/5/0
1,4,5,0,10,100,800,constant,pam,0.8907492056370708,mixture/1/4/5/0
1,4,5,0,10,150,800,constant,single,0.0002889837905812751,mixture/1/4/5/0
1,4,5,0,10,150,800,constant,average,1.0,mixture/1/4/5/0
1,4,5,0,10,150,800,constant,pam,0.9435035791127572,mixture/1/4/5/0
1,4,5,0,10,200,800,constant,single,0.31967055345852735,mixture/1/4/5/0
1,4,5,0,10,200,800,constant,average,1.0,mixture/1/4/5/0
1,4,5,0,10,200,800,constant,pam,0.9661142588616551,mixture/1/4/5/0
1,4,5,0,10,250,800,constant,single,0.31967055345852735,mixture/1/4/5/0
1,4,5,0,10,250,800,constant,average,1.0,mixture/1/4/5/0
1,4,5,0,10,250,800,constant,pam,0.9863396824773802,mixture/1/4/5/0
1,4,5,0,10,300,800,constant,single,1.0,mixture/1/4/5/0
1,4,5,0,10,300,800,constant,average,1.0,mixture/1/4/5/0
1,4,5,0,10,300,800,constant,pam,1.0,mixture/1/4/5/0
1,4,5,0,10,350,800,constant,single,1.0,mixture/1/4/5/0
1,4,5,0,10,350,800,constant,average,1.0,mixture/1/4/5/0
1,4,5,0,10,350,800,constant,pam,1.0,mixture/1/4/5/0
1,4,5,0,10,400,800,constant,single,1.0,mixture/1/4/5/0
1,4,5,0,10,400,800,constant,average,1.0,mixture/1/4/5/0
1,4,5,0,10,400,800,constant,pam,1.0,mixture/1/4/5/0
1,4,5,0,10,450,800,constant,single,1.0,mixture/1/4/5/0
1,4,5,0,10,450,800,constant,average,1.0,mixture/1/4/5/0
1,4,5,0,10,450,800,constant,pam,0.9965581718965902,mixture/1/4/5/0
1,4,5,0,10,500,800,constant,single,1.0,mixture/1/4/5/0
1,4,5,0,10,500,800,constant,average,1.0,mixture/1/4/5/0
1,4,5,0,10,500,800,constant,pam,1.0,mixture/1/4/5/0
1,4,5,0,11,50,800,constant,single,0.000212856603649805,mixture/1/4/5/0
1,4,5,0,11,50,800,constant,average,0.6908537249797441,mixture/1/4/5/0
1,4,5,0,11,50,800,constant,pam,0.7036778808378314,mixture/1/4/5/0
1,4,5,0,11,100,800,constant,single,-8.88432262916327e-05,mixture/1/4/5/0
1,4,5,0,11,100,800,constant,average,0.7062040243062587,mixture/1/4/5/0
1,4,5,0,11,100,800,constant,pam,0.9044969837428557,mixture/1/4/5/0
1,4,5,0,11,150,800,constant,single,0.316684733612339,mixture/1/4/5/0
1,4,5,0,11,150,800,constant,average,0.7136903508699091,mixture/1/4/5/0
1,4,5,0,11,150,800,constant,pam,0.9240252391904834,mixture/1/4/5/0
1,4,5,0,11,200,800,constant,single,0.31688320029237127,mixture/1/4/5/0
1,4,5,0,11,200,800,constant,average,1.0,mixture/1/4/5/0
1,4,5,0,11,200,800,constant,pam,0.9793995065242747,mixture/1/4/5/0
1,4,5,0,11,250,800,constant,single,0.3179849934781013,mixture/1/4/5/0
1,4,5,0,11,250,800,constant,average,1.0,mixture/1/4/5/0
1,4,5,0,11,250,800,constant,pam,0.9827907209749998,mixture/1/4/5/0
1,4,5,0,11,300,800,constant,single,0.3179849934781013,mixture/1/4/5/0
1,4,5,0,11,300,800,constant,average,1.0,mixture/1/4/5/0
1,4,5,0,11,300,800,constant,pam,0.9930659901760651,mixture/1/4/5/0
1,4,5,0,11,350,800,constant,single,0.3179849934781013,mixture/1/4/5/0
1,4,5,0,11,350,800,constant,average,1.0,mixture/1/4/5/0
1,4,5,0,11,350,800,constant,pam,0.9965246699464473,mixture/1/4/5/0
1,4,5,0,11,400,800,constant,single,1.0,mixture/1/4/5/0
1,4,5,0,11,400,800,constant,average,1.0,mixture/1/4/5/0
1,4,5,0,11,400,800,constant,pam,1.0,mixture/1/4/5/0
1,4,5,0,11,450,800,constant,single,1.0,mixture/1/4/5/0
1,4,5,0,11,450,800,constant,average,1.0,mixture/1/4/5/0
1,4,5,0,11,450,800,constant,pam,1.0,mixture/1/4/5/0
1,4,5,0,11,500,800,constant,single,1.0,mixture/1/4/5/0
1,4,5,0,11,500,800,constant,average,1.0,mixture/1/4/5/0
1,4,5,0,11,500,800,constant,pam,0.9965246699464473,mixture/1/4/5/0
1,4,5,0,12,50,800,constant,single,-0.00011245857012998363,mixture/1/4/5/0
1,4,5,0,12,50,800,constant,average,0.9472295641522115,mixture/1/4/5/0
1,4,5,0,12,50,800,constant,pam,0.626594910564445,mixture/1/4/5/0
1,4,5,0,12,100,800,constant,single,0.331286190933517,mixture/1/4/5/0
1,4,5,0,12,100,800,constant,average,1.0,mixture/1/4/5/0
1,4,5,0,12,100,800,constant,pam,0.9149914645211877,mixture/1/4/5/0
1,4,5,0,12,150,800,constant,single,-0.00011245857012998363,mixture/1/4/5/0
1,4,5,0,12,150,800,constant,average,0.9966134030338466,mixture/1/4/5/0
1,4,5,0,12,150,800,constant,pam,0.9478508501871707,mixture/1/4/5/0
1,4,5,0,12,200,800,constant,single,0.33255409638363365,mixture/1/4/5/0
1,4,5,0,12,200,800,constant,average,0.9966134030338466,mixture/1/4/5/0
1,4,5,0,12,200,800,constant,pam,0.9865534481433562,mixture/1/4/5/0
1,4,5,0,12,250,800,constant,single,0.33255409638363365,mixture/1/4/5/0
1,4,5,0,12,250,800,constant,average,1.0,mixture/1/4/5/0
1,4,5,0,12,250,800,constant,pam,0.9832336919244561,mixture/1/4/5/0
1,4,5,0,12,300,800,constant,single,0.7163700325964428,mixture/1/4/5/0
1,4,5,0,12,300,800,constant,average,1.0,mixture/1/4/5/0
1,4,5,0,12,300,800,constant,pam,0.9966134030338466,mixture/1/4/5/0
1,4,5,0,12,350,800,constant,single,0.7204840776509445,mixture/1/4/5/0
1,4,5,0,12,350,800,constant,average,1.0,mixture/1/4/5/0
1,4,5,0,12,350,800,constant,pam,0.9966134030338466,mixture/1/4/5/0
1,4,5,0,12,400,800,constant,single,1.0,mixture/1/4/5/0
1,4,5,0,12,400,800,constant,average,1.0,mixture/1/4/5/0
1,4,5,0,12,400,800,constant,pam,1.0,mixture/1/4/5/0
1,4,5,0,12,450,800,constant,single,1.0,mixture/1/4/5/0
1,4,5,0,12,450,800,constant,average,1.0,mixture/1/4/5/0
1,4,5,0,12,450,800,constant,pam,1.0,mixture/1/4/5/0
1,4,5,0,12,500,800,constant,single,1.0,mixture/1/4/5/0
1,4,5,0,12,500,800,constant,average,1.0,mixture/1/4/5/0
1,4,5,0,12,500,800,constant,pam,1.0,mixture/1/4/5/0
1,4,5,0,13,50,800,constant,single,0.00029404058173066643,mixture/1/4/5/0
1,4,5,0,13,50,800,constant,average,0.637226544160519,mixture/1/4/5/0
1,4,5,0,13,50,800,constant,pam,0.7145212612856507,mixture/1/4/5/0
1,4,5,0,13,100,800,constant,single,-0.000133526341107131,mixture/1/4/5/0
1,4,5,0,13,100,800,constant,average,0.6864485796202782,mixture/1/4/5/0
1,4,5,0,13,100,800,constant,pam,0.9472723965323571,mixture/1/4/5/0
1,4,5,0,13,150,800,constant,single,0.00029404058173066643,mixture/1/4/5/0
1,4,5,0,13,150,800,constant,average,1.0,mixture/1/4/5/0
1,4,5,0,13,150,800,constant,pam,0.962568010086718,mixture/1/4/5/0
1,4,5,0,13,200,800,constant,single,0.32041830648227765,mixture/1/4/5/0
1,4,5,0,13,200,800,constant,average,1.0,mixture/1/4/5/0
1,4,5,0,13,200,800,constant,pam,0.9967196006388516,mixture/1/4/5/0
1,4,5,0,13,250,800,constant,single,0.3188549853597782,mixture/1/4/5/0
1,4,5,0,13,250,800,constant,average,1.0,mixture/1/4/5/0
1,4,5,0,13,250,800,constant,pam,0.9897075441806411,mixture/1/4/5/0
1,4,5,0,13,300,800,constant,single,0.7214661935617284,mixture/1/4/5/0
1,4,5,0,13,300,800,constant,average,1.0,mixture/1/4/5/0
1,4,5,0,13,300,800,constant,pam,1.0,mixture/1/4/5/0
1,4,5,0,13,350,800,constant,single,0.7214661935617284,mixture/1/4/5/0
1,4,5,0,13,350,800,constant,average,1.0,mixture/1/4/5/0
1,4,5,0,13,350,800,constant,pam,1.0,mixture/1/4/5/0
1,4,5,0,13,400,800,constant,single,0.6864730449910326,mixture/1/4/5/0
1,4,5,0,13,400,800,constant,average,1.0,mixture/1/4/5/0
1,4,5,0,13,400,800,constant,pam,1.0,mixture/1/4/5/0
1,4,5,0,13,450,800,constant,single,1.0,mixture/1/4/5/0
1,4,5,0,13,450,800,constant,average,1.0,mixture/1/4/5/0
1,4,5,0,13,450,800,constant,pam,1.0,mixture/1/4/5/0
1,4,5,0,13,500,800,constant,single,1.0,mixture/1/4/5/0
1,4,5,0,13,500,800,constant,average,1.0,mixture/1/4/5/0
1,4,5,0,13,500,800,constant,pam,1.0,mixture/1/4/5/0
1,4,5,0,14,50,800,constant,single,-0.0003420836032719647,mixture/1/4/5/0
1,4,5,0,14,50,800,constant,average,0.6579393097420565,mixture/1/4/5/0
1,4,5,0,14,50,800,constant,pam,0.7312784111064163,mixture/1/4/5/0
1,4,5,0,14,100,800,constant,single,-0.00027466744098240026,mixture/1/4/5/0
1,4,5,0,14,100,800,constant,average,0.7107843543029202,mixture/1/4/5/0
1,4,5,0,14,100,800,constant,pam,0.8055752023021561,mixture/1/4/5/0
1,4,5,0,14,150,800,constant,single,0.29100354847032217,mixture/1/4/5/0
1,4,5,0,14,150,800,constant,average,1.0,mixture/1/4/5/0
1,4,5,0,14,150,800,constant,pam,0.9358167947994024,mixture/1/4/5/0
1,4,5,0,14,200,800,constant,single,0.29190399044120446,mixture/1/4/5/0
1,4,5,0,14,200,800,constant,average,1.0,mixture/1/4/5/0
1,4,5,0,14,200,800,constant,pam,0.9754336097469013,mixture/1/4/5/0
1,4,5,0,14,250,800,constant,single,0.29190399044120446,mixture/1/4/5/0
1,4,5,0,14,250,800,constant,average,1.0,mixture/1/4/5/0
1,4,5,0,14,250,800,constant,pam,0.9897983808317661,mixture/1/4/5/0
1,4,5,0,14,300,800,constant,single,1.0,mixture/1/4/5/0
1,4,5,0,14,300,800,constant,average,1.0,mixture/1/4/5/0
1,4,5,0,14,300,800,constant,pam,1.0,mixture/1/4/5/0
1,4,5,0,14,350,800,constant,single,0.6506252740105416,mixture/1/4/5/0
1,4,5,0,14,350,800,constant,average,1.0,mixture/1/4/5/0
1,4,5,0,14,350,800,constant,pam,1.0,mixture/1/4/5/0
1,4,5,0,14,400,800,constant,single,1.0,mixture/1/4/5/0
1,4,5,0,14,400,800,constant,average,1.0,mixture/1/4/5/0
1,4,5,0,14,400,800,constant,pam,1.0,mixture/1/4/5/0
1,4,5,0,14,450,800,constant,single,1.0,mixture/1/4/5/0
1,4,5,0,14,450,800,constant,average,1.0,mixture/1/4/5/0
1,4,5,0,14,450,800,constant,pam,1.0,mixture/1/4/5/0
1,4,5,0,14,500,800,constant,single,1.0,mixture/1/4/5/0
1,4,5,0,14,500,800,constant,average,1.0,mixture/1/4/5/0
1,4,5,0,14,500,800,constant,pam,1.0,mixture/1/4/5/0
1,4,5,0,15,50,800,constant,single,5.3313307482703025e-05,mixture/1/4/5/0
1,4,5,0,15,50,800,constant,average,0.6944988181822986,mixture/1/4/5/0
1,4,5,0,15,50,800,constant,pam,0.7856072429668206,mixture/1/4/5/0
1,4,5,0,15,100,800,constant,single,-1.3692932752000003e-05,mixture/1/4/5/0
1,4,5,0,15,100,800,constant,average,1.0,mixture/1/4/5/0
1,4,5,0,15,100,800,constant,pam,0.8711089952106883,mixture/1/4/5/0
1,4,5,0,15,150,800,constant,single,-1.3692932752000003e-05,mixture/1/4/5/0
1,4,5,0,15,150,800,constant,average,0.710671820655827,mixture/1/4/5/0
1,4,5,0,15,150,800,constant,pam,0.9671417414538251,mixture/1/4/5/0
1,4,5,0,15,200,800,constant,single,0.3370823840637938,mixture/1/4/5/0
1,4,5,0,15,200,800,constant,average,1.0,mixture/1/4/5/0
1,4,5,0,15,200,800,constant,pam,0.9966544970691482,mixture/1/4/5/0
1,4,5,0,15,250,800,constant,single,0.7192999666268415,mixture/1/4/5/0
1,4,5,0,15,250,800,constant,average,1.0,mixture/1/4/5/0
1,4,5,0,15,250,800,constant,pam,0.9869207302708827,mixture/1/4/5/0
1,4,5,0,15,300,800,constant,single,0.7107292283729878,mixture/1/4/5/0
1,4,5,0,15,300,800,constant,average,1.0,mixture/1/4/5/0
1,4,5,0,15,300,800,constant,pam,0.9967047625897314,mixture/1/4/5/0
1,4,5,0,15,350,800,constant,single,1.0,mixture/1/4/5/0
1,4,5,0,15,350,800,constant,average,1.0,mixture/1/4/5/0
1,4,5,0,15,350,800,constant,pam,1.0,mixture/1/4/5/0
1,4,5,0,15,400,800,constant,single,1.0,mixture/1/4/5/0
1,4,5,0,15,400,800,constant,average,1.0,mixture/1/4/5/0
1,4,5,0,15,400,800,constant,pam,1.0,mixture/1/4/5/0
1,4,5,0,15,450,800,constant,single,1.0,mixture/1/4/5/0
1,4,5,0,15,450,800,constant,average,1.0,mixture/1/4/5/0
1,4,5,0,15,450,800,constant,pam,1.0,mixture/1/4/5/0
1,4,5,0,15,500,800,constant,single,1.0,mixture/1/4/5/0
1,4,5,0,15,500,800,constant,average,1.0,mixture/1/4/5/0
1,4,5,0,15,500,800,constant,pam,0.9967047625897314,mixture/1/4/5/0
1,4,5,0,16,50,800,constant,single,0.00032834267758249133,mixture/1/4/5/0
1,4,5,0,16,50,800,constant,average,0.6230284202955073,mixture/1/4/5/0
1,4,5,0,16,50,800,constant,pam,0.6272442000348181,mixture/1/4/5/0
1,4,5,0,16,100,800,constant,single,0.0004375124338875734,mixture/1/4/5/0
1,4,5,0,16,100,800,constant,average,0.6754434140879154,mixture/1/4/5/0
1,4,5,0,16,100,800,constant,pam,0.8537642227170053,mixture/1/4/5/0
1,4,5,0,16,150,800,constant,single,0.30515158603222564,mixture/1/4/5/0
1,4,5,0,16,150,800,constant,average,0.6808510747624321,mixture/1/4/5/0
1,4,5,0,16,150,800,constant,pam,0.9458021674370095,mixture/1/4/5/0
1,4,5,0,16,200,800,constant,single,0.30515158603222564,mixture/1/4/5/0
1,4,5,0,16,200,800,constant,average,1.0,mixture/1/4/5/0
1,4,5,0,16,200,800,constant,pam,0.9839462507737594,mixture/1/4/5/0
1,4,5,0,16,250,800,constant,single,0.30515158603222564,mixture/1/4/5/0
1,4,5,0,16,250,800,constant,average,1.0,mixture/1/4/5/0
1,4,5,0,16,250,800,constant,pam,0.9935276274193542,mixture/1/4/5/0
1,4,5,0,16,300,800,constant,single,0.7251739319621986,mixture/1/4/5/0
1,4,5,0,16,300,800,constant,average,1.0,mixture/1/4/5/0
1,4,5,0,16,300,800,constant,pam,0.9896647583009788,mixture/1/4/5/0
1,4,5,0,16,350,800,constant,single,0.7251739319621986,mixture/1/4/5/0
1,4,5,0,16,350,800,constant,average,1.0,mixture/1/4/5/0
1,4,5,0,16,350,800,constant,pam,0.9929265325296495,mixture/1/4/5/0
1,4,5,0,16,400,800,constant,single,0.7251739319621986,mixture/1/4/5/0
1,4,5,0,16,400,800,constant,average,1.0,mixture/1/4/5/0
1,4,5,0,16,400,800,constant,pam,0.9967553869627022,mixture/1/4/5/0
1,4,5,0,16,450,800,constant,single,1.0,mixture/1/4/5/0
1,4,5,0,16,450,800,constant,average,1.0,mixture/1/4/5/0
1,4,5,0,16,450,800,constant,pam,1.0,mixture/1/4/5/0
1,4,5,0,16,500,800,constant,single,1.0,mixture/1/4/5/0
1,4,5,0,16,500,800,constant,average,1.0,mixture/1/4/5/0
1,4,5,0,16,500,800,constant,pam,1.0,mixture/1/4/5/0
1,4,5,0,17,50,800,constant,single,-3.5804303250200936e-05,mixture/1/4/5/0
1,4,5,0,17,50,800,constant,average,0.6277968866030491,mixture/1/4/5/0
1,4,5,0,17,50,800,constant,pam,0.7238236448579332,mixture/1/4/5/0
1,4,5,0,17,100,800,constant,single,0.00019051167044936912,mixture/1/4/5/0
1,4,5,0,17,100,800,constant,average,0.7009026743567498,mixture/1/4/5/0
1,4,5,0,17,100,800,constant,pam,0.9299336289352128,mixture/1/4/5/0
1,4,5,0,17,150,800,constant,single,0.34981829806765885,mixture/1/4/5/0
1,4,5,0,17,150,800,constant,average,1.0,mixture/1/4/5/0
1,4,5,0,17,150,800,constant,pam,0.9607804035202351,mixture/1/4/5/0
1,4,5,0,17,200,800,constant,single,0.34981829806765885,mixture/1/4/5/0
1,4,5,0,17,200,800,constant,average,1.0,mixture/1/4/5/0
1,4,5,0,17,200,800,constant,pam,0.98102090228482,mixture/1/4/5/0
1,4,5,0,17,250,800,constant,single,0.34981829806765885,mixture/1/4/5/0
1,4,5,0,17,250,800,constant,average,1.0,mixture/1/4/5/0
1,4,5,0,17,250,800,constant,pam,0.9904322176613235,mixture/1/4/5/0
1,4,5,0,17,300,800,constant,single,0.7307857825181122,mixture/1/4/5/0
1,4,5,0,17,300,800,constant,average,1.0,mixture/1/4/5/0
1,4,5,0,17,300,800,constant,pam,0.9936041926092588,mixture/1/4/5/0
1,4,5,0,17,350,800,constant,single,0.7322672585315071,mixture/1/4/5/0
1,4,5,0,17,350,800,constant,average,1.0,mixture/1/4/5/0
1,4,5,0,17,350,800,constant,pam,0.9967934786092018,mixture/1/4/5/0
1,4,5,0,17,400,800,constant,single,0.7322672585315071,mixture/1/4/5/0
1,4,5,0,17,400,800,constant,average,1.0,mixture/1/4/5/0
1,4,5,0,17,400,800,constant,pam,1.0,mixture/1/4/5/0
1,4,5,0,17,450,800,constant,single,0.7322672585315071,mixture/1/4/5/0
1,4,5,0,17,450,800,constant,average,1.0,mixture/1/4/5/0
1,4,5,0,17,450,800,constant,pam,1.0,mixture/1/4/5/0
1,4,5,0,17,500,800,constant,single,0.7322672585315071,mixture/1/4/5/0
1,4,5,0,17,500,800,constant,average,1.0,mixture/1/4/5/0
1,4,5,0,17,500,800,constant,pam,1.0,mixture/1/4/5/0
1,4,5,0,18,50,800,constant,single,0.00020562128782583675,mixture/1/4/5/0
1,4,5,0,18,50,800,constant,average,0.6678652987494698,mixture/1/4/5/0
1,4,5,0,18,50,800,constant,pam,0.6848291564828866,mixture/1/4/5/0
1,4,5,0,18,100,800,constant,single,7.990368516105948e-05,mixture/1/4/5/0
1,4,5,0,18,100,800,constant,average,1.0,mixture/1/4/5/0
1,4,5,0,18,100,800,constant,pam,0.8804989648890162,mixture/1/4/5/0
1,4,5,0,18,150,800,constant,single,0.0001804777672928813,mixture/1/4/5/0
1,4,5,0,18,150,800,constant,average,0.9932354522633278,mixture/1/4/5/0
1,4,5,0,18,150,800,constant,pam,0.9536451626266993,mixture/1/4/5/0
1,4,5,0,18,200,800,constant,single,0.3393307161661299,mixture/1/4/5/0
1,4,5,0,18,200,800,constant,average,1.0,mixture/1/4/5/0
1,4,5,0,18,200,800,constant,pam,0.9799455610370369,mixture/1/4/5/0
1,4,5,0,18,250,800,constant,single,0.3393307161661299,mixture/1/4/5/0
1,4,5,0,18,250,800,constant,average,1.0,mixture/1/4/5/0
1,4,5,0,18,250,800,constant,pam,1.0,mixture/1/4/5/0
1,4,5,0,18,300,800,constant,single,0.3393307161661299,mixture/1/4/5/0
1,4,5,0,18,300,800,constant,average,1.0,mixture/1/4/5/0
1,4,5,0,18,300,800,constant,pam,1.0,mixture/1/4/5/0
1,4,5,0,18,350,800,constant,single,0.7054316185950839,mixture/1/4/5/0
1,4,5,0,18,350,800,constant,average,1.0,mixture/1/4/5/0
1,4,5,0,18,350,800,constant,pam,1.0,mixture/1/4/5/0
1,4,5,0,18,400,800,constant,single,1.0,mixture/1/4/5/0
1,4,5,0,18,400,800,constant,average,1.0,mixture/1/4/5/0
1,4,5,0,18,400,800,constant,pam,1.0,mixture/1/4/5/0
1,4,5,0,18,450,800,constant,single,1.0,mixture/1/4/5/0
1,4,5,0,18,450,800,constant,average,1.0,mixture/1/4/5/0
1,4,5,0,18,450,800,constant,pam,1.0,mixture/1/4/5/0
1,4,5,0,18,500,800,constant,single,1.0,mixture/1/4/5/0
1,4,5,0,18,500,800,constant,average,1.0,mixture/1/4/5/0
1,4,5,0,18,500,800,constant,pam,1.0,mixture/1/4/5/0
1,4,5,0,19,50,800,constant,single,-0.00012520495777135738,mixture/1/4/5/0
1,4,5,0,19,50,800,constant,average,0.6403969009798811,mixture/1/4/5/0
1,4,5,0,19,50,800,constant,pam,0.6224319113087576,mixture/1/4/5/0
1,4,5,0,19,100,800,constant,single,0.00029397656909807194,mixture/1/4/5/0
1,4,5,0,19,100,800,constant,average,0.693465352464848,mixture/1/4/5/0
1,4,5,0,19,100,800,constant,pam,0.9197121028032135,mixture/1/4/5/0
1,4,5,0,19,150,800,constant,single,9.276943620074584e-05,mixture/1/4/5/0
1,4,5,0,19,150,800,constant,average,1.0,mixture/1/4/5/0
1,4,5,0,19,150,800,constant,pam,0.9760542502013532,mixture/1/4/5/0
1,4,5,0,19,200,800,constant,single,0.302096485807518,mixture/1/4/5/0
1,4,5,0,19,200,800,constant,average,0.6951367387432873,mixture/1/4/5/0
1,4,5,0,19,200,800,constant,pam,0.9864617840234883,mixture/1/4/5/0
1,4,5,0,19,250,800,constant,single,0.30468604587597414,mixture/1/4/5/0
1,4,5,0,19,250,800,constant,average,1.0,mixture/1/4/5/0
1,4,5,0,19,250,800,constant,pam,0.9828135219895383,mixture/1/4/5/0
1,4,5,0,19,300,800,constant,single,0.6976261697182911,mixture/1/4/5/0
1,4,5,0,19,300,800,constant,average,1.0,mixture/1/4/5/0
1,4,5,0,19,300,800,constant,pam,1.0,mixture/1/4/5/0
1,4,5,0,19,350,800,constant,single,0.6976261697182911,mixture/1/4/5/0
1,4,5,0,19,350,800,constant,average,1.0,mixture/1/4/5/0
1,4,5,0,19,350,800,constant,pam,1.0,mixture/1/4/5/0
1,4,5,0,19,400,800,constant,single,0.6976261697182911,mixture/1/4/5/0
1,4,5,0,19,400,800,constant,average,1.0,mixture/1/4/5/0
1,4,5,0,19,400,800,constant,pam,0.9965690954142815,mixture/1/4/5/0
1,4,5,0,19,450,800,constant,single,1.0,mixture/1/4/5/0
1,4,5,0,19,450,800,constant,average,1.0,mixture/1/4/5/0
1,4,5,0,19,450,800,constant,pam,1.0,mixture/1/4/5/0
1,4,5,0,19,500,800,constant,single,1.0,mixture/1/4/5/0
1,4,5,0,19,500,800,constant,average,1.0,mixture/1/4/5/0
1,4,5,0,19,500,800,constant,pam,1.0,mixture/1/4/5/0
1,4,5,0,20,50,800,constant,single,-0.00022778798001988365,mixture/1/4/5/0
1,4,5,0,20,50,800,constant,average,0.2842702491203864,mixture/1/4/5/0
1,4,5,0,20,50,800,constant,pam,0.6571764999878225,mixture/1/4/5/0
1,4,5,0,20,100,800,constant,single,0.0001410430305239417,mixture/1/4/5/0
1,4,5,0,20,100,800,constant,average,0.7102562464322206,mixture/1/4/5/0
1,4,5,0,20,100,800,constant,pam,0.8482752746528391,mixture/1/4/5/0
1,4,5,0,20,150,800,constant,single,-0.0002445530259536939,mixture/1/4/5/0
1,4,5,0,20,150,800,constant,average,0.9899530158563714,mixture/1/4/5/0
1,4,5,0,20,150,800,constant,pam,0.9144823671977326,mixture/1/4/5/0
1,4,5,0,20,200,800,constant,single,0.3123857858322583,mixture/1/4/5/0
1,4,5,0,20,200,800,constant,average,1.0,mixture/1/4/5/0
1,4,5,0,20,200,800,constant,pam,0.9733789744708423,mixture/1/4/5/0
1,4,5,0,20,250,800,constant,single,0.31366587532874385,mixture/1/4/5/0
1,4,5,0,20,250,800,constant,average,1.0,mixture/1/4/5/0
1,4,5,0,20,250,800,constant,pam,0.9703055654274518,mixture/1/4/5/0
1,4,5,0,20,300,800,constant,single,0.3123857858322583,mixture/1/4/5/0
1,4,5,0,20,300,800,constant,average,1.0,mixture/1/4/5/0
1,4,5,0,20,300,800,constant,pam,1.0,mixture/1/4/5/0
1,4,5,0,20,350,800,constant,single,0.7102562464322206,mixture/1/4/5/0
1,4,5,0,20,350,800,constant,average,1.0,mixture/1/4/5/0
1,4,5,0,20,350,800,constant,pam,1.0,mixture/1/4/5/0
1,4,5,0,20,400,800,constant,single,1.0,mixture/1/4/5/0
1,4,5,0,20,400,800,constant,average,1.0,mixture/1/4/5/0
1,4,5,0,20,400,800,constant,pam,1.0,mixture/1/4/5/0
1,4,5,0,20,450,800,constant,single,1.0,mixture/1/4/5/0
1,4,5,0,20,450,800,constant,average,1.0,mixture/1/4/5/0
1,4,5,0,20,450,800,constant,pam,1.0,mixture/1/4/5/0
1,4,5,0,20,500,800,constant,single,1.0,mixture/1/4/5/0
1,4,5,0,20,500,800,constant,average,1.0,mixture/1/4/5/0
1,4,5,0,20,500,800,constant,pam,1.0,mixture/1/4/5/0
1,4,5,0,21,50,800,constant,single,0.00028079095180447313,mixture/1/4/5/0
1,4,5,0,21,50,800,constant,average,0.6329743352113599,mixture/1/4/5/0
1,4,5,0,21,50,800,constant,pam,0.616757876560067,mixture/1/4/5/0
1,4,5,0,21,100,800,constant,single,-0.00039005460740887074,mixture/1/4/5/0
1,4,5,0,21,100,800,constant,average,0.6724180940221255,mixture/1/4/5/0
1,4,5,0,21,100,800,constant,pam,0.9308920961128365,mixture/1/4/5/0
1,4,5,0,21,150,800,constant,single,0.3387129482972609,mixture/1/4/5/0
1,4,5,0,21,150,800,constant,average,1.0,mixture/1/4/5/0
1,4,5,0,21,150,800,constant,pam,0.9472857909981404,mixture/1/4/5/0
1,4,5,0,21,200,800,constant,single,0.3383208122348853,mixture/1/4/5/0
1,4,5,0,21,200,800,constant,average,1.0,mixture/1/4/5/0
1,4,5,0,21,200,800,constant,pam,0.9747238684079553,mixture/1/4/5/0
1,4,5,0,21,250,800,constant,single,0.3387129482972609,mixture/1/4/5/0
1,4,5,0,21,250,800,constant,average,1.0,mixture/1/4/5/0
1,4,5,0,21,250,800,constant,pam,0.9843613815214303,mixture/1/4/5/0
1,4,5,0,21,300,800,constant,single,1.0,mixture/1/4/5/0
1,4,5,0,21,300,800,constant,average,1.0,mixture/1/4/5/0
1,4,5,0,21,300,800,constant,pam,0.9905650540426878,mixture/1/4/5/0
1,4,5,0,21,350,800,constant,single,1.0,mixture/1/4/5/0
1,4,5,0,21,350,800,constant,average,1.0,mixture/1/4/5/0
1,4,5,0,21,350,800,constant,pam,1.0,mixture/1/4/5/0
1,4,5,0,21,400,800,constant,single,1.0,mixture/1/4/5/0
1,4,5,0,21,400,800,constant,average,1.0,mixture/1/4/5/0
1,4,5,0,21,400,800,constant,pam,1.0,mixture/1/4/5/0
1,4,5,0,21,450,800,constant,single,1.0,mixture/1/4/5/0
1,4,5,0,21,450,800,constant,average,1.0,mixture/1/4/5/0
1,4,5,0,21,450,800,constant,pam,1.0,mixture/1/4/5/0
1,4,5,0,21,500,800,constant,single,1.0,mixture/1/4/5/0
1,4,5,0,21,500,800,constant,average,1.0,mixture/1/4/5/0
1,4,5,0,21,500,800,constant,pam,1.0,mixture/1/4/5/0
1,4,5,0,22,50,800,constant,single,-0.00010183805664482598,mixture/1/4/5/0
1,4,5,0,22,50,800,constant,average,0.6801823833864558,mixture/1/4/5/0
1,4,5,0,22,50,800,constant,pam,0.5843453211425882,mixture/1/4/5/0
1,4,5,0,22,100,800,constant,single,-0.00010183805664482598,mixture/1/4/5/0
1,4,5,0,22,100,800,constant,average,0.7144056737503689,mixture/1/4/5/0
1,4,5,0,22,100,800,constant,pam,0.8715584864381098,mixture/1/4/5/0
1,4,5,0,22,150,800,constant,single,-0.00015210600804351385,mixture/1/4/5/0
1,4,5,0,22,150,800,constant,average,1.0,mixture/1/4/5/0
1,4,5,0,22,150,800,constant,pam,0.9602215520507565,mixture/1/4/5/0
1,4,5,0,22,200,800,constant,single,0.7035523007211513,mixture/1/4/5/0
1,4,5,0,22,200,800,constant,average,1.0,mixture/1/4/5/0
1,4,5,0,22,200,800,constant,pam,0.9765942442577021,mixture/1/4/5/0
1,4,5,0,22,250,800,constant,single,0.3357044814739851,mixture/1/4/5/0
1,4,5,0,22,250,800,constant,average,1.0,mixture/1/4/5/0
1,4,5,0,22,250,800,constant,pam,0.9765942442577021,mixture/1/4/5/0
1,4,5,0,22,300,800,constant,single,0.3357044814739851,mixture/1/4/5/0
1,4,5,0,22,300,800,constant,average,1.0,mixture/1/4/5/0
1,4,5,0,22,300,800,constant,pam,0.9966060800706015,mixture/1/4/5/0
1,4,5,0,22,350,800,constant,single,0.33713875457918685,mixture/1/4/5/0
1,4,5,0,22,350,800,constant,average,1.0,mixture/1/4/5/0
1,4,5,0,22,350,800,constant,pam,1.0,mixture/1/4/5/0
1,4,5,0,22,400,800,constant,single,0.7034458583011597,mixture/1/4/5/0
1,4,5,0,22,400,800,constant,average,1.0,mixture/1/4/5/0
1,4,5,0,22,400,800,constant,pam,1.0,mixture/1/4/5/0
1,4,5,0,22,450,800,constant,single,1.0,mixture/1/4/5/0
1,4,5,0,22,450,800,constant,average,1.0,mixture/1/4/5/0
1,4,5,0,22,450,800,constant,pam,1.0,mixture/1/4/5/0
1,4,5,0,22,500,800,constant,single,1.0,mixture/1/4/5/0
1,4,5,0,22,500,800,constant,average,1.0,mixture/1/4/5/0
1,4,5,0,22,500,800,constant,pam,1.0,mixture/1/4/5/0
1,4,5,0,23,50,800,constant,single,0.0002170450945581242,mixture/1/4/5/0
1,4,5,0,23,50,800,constant,average,0.5944768229984752,mixture/1/4/5/0
1,4,5,0,23,50,800,constant,pam,0.7195079436936972,mixture/1/4/5/0
1,4,5,0,23,100,800,constant,single,-2.4315865987798696e-06,mixture/1/4/5/0
1,4,5,0,23,100,800,constant,average,0.9967395572775262,mixture/1/4/5/0
1,4,5,0,23,100,800,constant,pam,0.9183629250609269,mixture/1/4/5/0
1,4,5,0,23,150,800,constant,single,0.33887569893817376,mixture/1/4/5/0
1,4,5,0,23,150,800,constant,average,0.9967395572775262,mixture/1/4/5/0
1,4,5,0,23,150,800,constant,pam,0.9417751997348387,mixture/1/4/5/0
1,4,5,0,23,200,800,constant,single,0.33887569893817376,mixture/1/4/5/0
1,4,5,0,23,200,800,constant,average,1.0,mixture/1/4/5/0
1,4,5,0,23,200,800,constant,pam,0.9554854455283163,mixture/1/4/5/0
1,4,5,0,23,250,800,constant,single,0.3372552042057162,mixture/1/4/5/0
1,4,5,0,23,250,800,constant,average,1.0,mixture/1/4/5/0
1,4,5,0,23,250,800,constant,pam,0.9933536293159902,mixture/1/4/5/0
1,4,5,0,23,300,800,constant,single,1.0,mixture/1/4/5/0
1,4,5,0,23,300,800,constant,average,1.0,mixture/1/4/5/0
1,4,5,0,23,300,800,constant,pam,0.9967395572775262,mixture/1/4/5/0
1,4,5,0,23,350,800,constant,single,0.723053900273213,mixture/1/4/5/0
1,4,5,0,23,350,800,constant,average,1.0,mixture/1/4/5/0
1,4,5,0,23,350,800,constant,pam,0.9934961619867837,mixture/1/4/5/0
1,4,5,0,23,400,800,constant,single,1.0,mixture/1/4/5/0
1,4,5,0,23,400,800,constant,average,1.0,mixture/1/4/5/0
1,4,5,0,23,400,800,constant,pam,0.990269893134899,mixture/1/4/5/0
1,4,5,0,23,450,800,constant,single,1.0,mixture/1/4/5/0
1,4,5,0,23,450,800,constant,average,1.0,mixture/1/4/5/0
1,4,5,0,23,450,800,constant,pam,0.9967395572775262,mixture/1/4/5/0
1,4,5,0,23,500,800,constant,single,1.0,mixture/1/4/5/0
1,4,5,0,23,500,800,constant,average,1.0,mixture/1/4/5/0
1,4,5,0,23,500,800,constant,pam,1.0,mixture/1/4/5/0
1,4,5,0,24,50,800,constant,single,4.9414307012564775e-06,mixture/1/4/5/0
1,4,5,0,24,50,800,constant,average,0.6704186607941929,mixture/1/4/5/0
1,4,5,0,24,50,800,constant,pam,0.6487274866738151,mixture/1/4/5/0
1,4,5,0,24,100,800,constant,single,-5.3696286185945705e-05,mixture/1/4/5/0
1,4,5,0,24,100,800,constant,average,0.9933275135135041,mixture/1/4/5/0
1,4,5,0,24,100,800,constant,pam,0.9276893034137308,mixture/1/4/5/0
1,4,5,0,24,150,800,constant,single,0.3222974463678551,mixture/1/4/5/0
1,4,5,0,24,150,800,constant,average,0.9965885317658311,mixture/1/4/5/0
1,4,5,0,24,150,800,constant,pam,0.9864558276872117,mixture/1/4/5/0
1,4,5,0,24,200,800,constant,single,0.32371273139384876,mixture/1/4/5/0
1,4,5,0,24,200,800,constant,average,1.0,mixture/1/4/5/0
1,4,5,0,24,200,800,constant,pam,0.9764774141589264,mixture/1/4/5/0
1,4,5,0,24,250,800,constant,single,0.3222974463678551,mixture/1/4/5/0
1,4,5,0,24,250,800,constant,average,1.0,mixture/1/4/5/0
1,4,5,0,24,250,800,constant,pam,0.9933276814196835,mixture/1/4/5/0
1,4,5,0,24,300,800,constant,single,0.7083712327702927,mixture/1/4/5/0
1,4,5,0,24,300,800,constant,average,1.0,mixture/1/4/5/0
1,4,5,0,24,300,800,constant,pam,0.9864558276872117,mixture/1/4/5/0
1,4,5,0,24,350,800,constant,single,0.7021066536828492,mixture/1/4/5/0
1,4,5,0,24,350,800,constant,average,1.0,mixture/1/4/5/0
1,4,5,0,24,350,800,constant,pam,0.9699119335899826,mixture/1/4/5/0
1,4,5,0,24,400,800,constant,single,0.7021066536828492,mixture/1/4/5/0
1,4,5,0,24,400,800,constant,average,1.0,mixture/1/4/5/0
1,4,5,0,24,400,800,constant,pam,0.989816361899558,mixture/1/4/5/0
1,4,5,0,24,450,800,constant,single,1.0,mixture/1/4/5/0
1,4,5,0,24,450,800,constant,average,1.0,mixture/1/4/5/0
1,4,5,0,24,450,800,constant,pam,0.9965885317658311,mixture/1/4/5/0
1,4,5,0,24,500,800,constant,single,1.0,mixture/1/4/5/0
1,4,5,0,24,500,800,constant,average,1.0,mixture/1/4/5/0
1,4,5,0,24,500,800,constant,pam,1.0,mixture/1/4/5/0
1,4,5,0,25,50,800,constant,single,-0.0001538285734246548,mixture/1/4/5/0
1,4,5,0,25,50,800,constant,average,0.2843075023562556,mixture/1/4/5/0
1,4,5,0,25,50,800,constant,pam,0.6773031454068255,mixture/1/4/5/0
1,4,5,0,25,100,800,constant,single,1.3898748687784823e-05,mixture/1/4/5/0
1,4,5,0,25,100,800,constant,average,1.0,mixture/1/4/5/0
1,4,5,0,25,100,800,constant,pam,0.8534610702143433,mixture/1/4/5/0
1,4,5,0,25,150,800,constant,single,1.3898748687784823e-05,mixture/1/4/5/0
1,4,5,0,25,150,800,constant,average,1.0,mixture/1/4/5/0
1,4,5,0,25,150,800,constant,pam,0.8814611562025743,mixture/1/4/5/0
1,4,5,0,25,200,800,constant,single,0.3006676035217484,mixture/1/4/5/0
1,4,5,0,25,200,800,constant,average,1.0,mixture/1/4/5/0
1,4,5,0,25,200,800,constant,pam,0.9461503647828464,mixture/1/4/5/0
1,4,5,0,25,250,800,constant,single,0.3020019071345204,mixture/1/4/5/0
1,4,5,0,25,250,800,constant,average,1.0,mixture/1/4/5/0
1,4,5,0,25,250,800,constant,pam,0.969333639536673,mixture/1/4/5/0
1,4,5,0,25,300,800,constant,single,0.6988698002903366,mixture/1/4/5/0
1,4,5,0,25,300,800,constant,average,1.0,mixture/1/4/5/0
1,4,5,0,25,300,800,constant,pam,0.989790555626663,mixture/1/4/5/0
1,4,5,0,25,350,800,constant,single,1.0,mixture/1/4/5/0
1,4,5,0,25,350,800,constant,average,1.0,mixture/1/4/5/0
1,4,5,0,25,350,800,constant,pam,0.9965797990095319,mixture/1/4/5/0
1,4,5,0,25,400,800,constant,single,1.0,mixture/1/4/5/0
1,4,5,0,25,400,800,constant,average,1.0,mixture/1/4/5/0
1,4,5,0,25,400,800,constant,pam,1.0,mixture/1/4/5/0
1,4,5,0,25,450,800,constant,single,1.0,mixture/1/4/5/0
1,4,5,0,25,450,800,constant,average,1.0,mixture/1/4/5/0
1,4,5,0,25,450,800,constant,pam,1.0,mixture/1/4/5/0
1,4,5,0,25,500,800,constant,single,1.0,mixture/1/4/5/0
1,4,5,0,25,500,800,constant,average,1.0,mixture/1/4/5/0
1,4,5,0,25,500,800,constant,pam,1.0,mixture/1/4/5/0
1,4,5,0,26,50,800,constant,single,-0.00012547830729521658,mixture/1/4/5/0
1,4,5,0,26,50,800,constant,average,0.6223941062211276,mixture/1/4/5/0
1,4,5,0,26,50,800,constant,pam,0.6612322431070633,mixture/1/4/5/0
1,4,5,0,26,100,800,constant,single,-5.006891242353757e-05,mixture/1/4/5/0
1,4,5,0,26,100,800,constant,average,0.7105329475588397,mixture/1/4/5/0
1,4,5,0,26,100,800,constant,pam,0.8819721859886176,mixture/1/4/5/0
1,4,5,0,26,150,800,constant,single,-5.006891242353757e-05,mixture/1/4/5/0
1,4,5,0,26,150,800,constant,average,0.9967403770465412,mixture/1/4/5/0
1,4,5,0,26,150,800,constant,pam,0.9806897666462483,mixture/1/4/5/0
1,4,5,0,26,200,800,constant,single,0.33587358511335447,mixture/1/4/5/0
1,4,5,0,26,200,800,constant,average,1.0,mixture/1/4/5/0
1,4,5,0,26,200,800,constant,pam,0.9902703824571549,mixture/1/4/5/0
1,4,5,0,26,250,800,constant,single,0.33587358511335447,mixture/1/4/5/0
1,4,5,0,26,250,800,constant,average,1.0,mixture/1/4/5/0
1,4,5,0,26,250,800,constant,pam,0.9967403770465412,mixture/1/4/5/0
1,4,5,0,26,300,800,constant,single,0.7186918744637474,mixture/1/4/5/0
1,4,5,0,26,300,800,constant,average,1.0,mixture/1/4/5/0
1,4,5,0,26,300,800,constant,pam,0.9967403770465412,mixture/1/4/5/0
1,4,5,0,26,350,800,constant,single,0.7245182732583577,mixture/1/4/5/0
1,4,5,0,26,350,800,constant,average,1.0,mixture/1/4/5/0
1,4,5,0,26,350,800,constant,pam,0.9967068898328453,mixture/1/4/5/0
1,4,5,0,26,400,800,constant,single,0.7186918744637474,mixture/1/4/5/0
1,4,5,0,26,400,800,constant,average,1.0,mixture/1/4/5/0
1,4,5,0,26,400,800,constant,pam,0.9967068898328453,mixture/1/4/5/0
1,4,5,0,26,450,800,constant,single,1.0,mixture/1/4/5/0
1,4,5,0,26,450,800,constant,average,1.0,mixture/1/4/5/0
1,4,5,0,26,450,800,constant,pam,1.0,mixture/1/4/5/0
1,4,5,0,26,500,800,constant,single,1.0,mixture/1/4/5/0
1,4,5,0,26,500,800,constant,average,1.0,mixture/1/4/5/0
1,4,5,0,26,500,800,constant,pam,1.0,mixture/1/4/5/0
1,4,5,0,27,50,800,constant,single,0.00018869411603998444,mixture/1/4/5/0
1,4,5,0,27,50,800,constant,average,0.6491514676674154,mixture/1/4/5/0
1,4,5,0,27,50,800,constant,pam,0.6603858438647963,mixture/1/4/5/0
1,4,5,0,27,100,800,constant,single,0.0002894316173675147,mixture/1/4/5/0
1,4,5,0,27,100,800,constant,average,0.669226247803034,mixture/1/4/5/0
1,4,5,0,27,100,800,constant,pam,0.9040496007386226,mixture/1/4/5/0
1,4,5,0,27,150,800,constant,single,0.3158297883202584,mixture/1/4/5/0
1,4,5,0,27,150,800,constant,average,1.0,mixture/1/4/5/0
1,4,5,0,27,150,800,constant,pam,0.9966620882841846,mixture/1/4/5/0
1,4,5,0,27,200,800,constant,single,0.31421310614634074,mixture/1/4/5/0
1,4,5,0,27,200,800,constant,average,1.0,mixture/1/4/5/0
1,4,5,0,27,200,800,constant,pam,0.9897390996478624,mixture/1/4/5/0
1,4,5,0,27,250,800,constant,single,0.3158297883202584,mixture/1/4/5/0
1,4,5,0,27,250,800,constant,average,1.0,mixture/1/4/5/0
1,4,5,0,27,250,800,constant,pam,1.0,mixture/1/4/5/0
1,4,5,0,27,300,800,constant,single,0.3158297883202584,mixture/1/4/5/0
1,4,5,0,27,300,800,constant,average,1.0,mixture/1/4/5/0
1,4,5,0,27,300,800,constant,pam,1.0,mixture/1/4/5/0
1,4,5,0,27,350,800,constant,single,1.0,mixture/1/4/5/0
1,4,5,0,27,350,800,constant,average,1.0,mixture/1/4/5/0
1,4,5,0,27,350,800,constant,pam,1.0,mixture/1/4/5/0
1,4,5,0,27,400,800,constant,single,0.7145272560525154,mixture/1/4/5/0
1,4,5,0,27,400,800,constant,average,1.0,mixture/1/4/5/0
1,4,5,0,27,400,800,constant,pam,1.0,mixture/1/4/5/0
1,4,5,0,27,450,800,constant,single,0.7145272560525154,mixture/1/4/5/0
1,4,5,0,27,450,800,constant,average,1.0,mixture/1/4/5/0
1,4,5,0,27,450,800,constant,pam,1.0,mixture/1/4/5/0
1,4,5,0,27,500,800,constant,single,1.0,mixture/1/4/5/0
1,4,5,0,27,500,800,constant,average,1.0,mixture/1/4/5/0
1,4,5,0,27,500,800,constant,pam,1.0,mixture/1/4/5/0
1,4,5,0,28,50,800,constant,single,-0.0003536704080366674,mixture/1/4/5/0
1,4,5,0,28,50,800,constant,average,0.6633362016687533,mixture/1/4/5/0
1,4,5,0,28,50,800,constant,pam,0.7195239323748879,mixture/1/4/5/0
1,4,5,0,28,100,800,constant,single,-0.0003536704080366674,mixture/1/4/5/0
1,4,5,0,28,100,800,constant,average,0.9966671063022158,mixture/1/4/5/0
1,4,5,0,28,100,800,constant,pam,0.8679160125981069,mixture/1/4/5/0
1,4,5,0,28,150,800,constant,single,-0.00011030496091149123,mixture/1/4/5/0
1,4,5,0,28,150,800,constant,average,1.0,mixture/1/4/5/0
1,4,5,0,28,150,800,constant,pam,0.9722226022857131,mixture/1/4/5/0
1,4,5,0,28,200,800,constant,single,0.30893374727690054,mixture/1/4/5/0
1,4,5,0,28,200,800,constant,average,1.0,mixture/1/4/5/0
1,4,5,0,28,200,800,constant,pam,0.9928518938146156,mixture/1/4/5/0
1,4,5,0,28,250,800,constant,single,0.7138788847241813,mixture/1/4/5/0
1,4,5,0,28,250,800,constant,average,1.0,mixture/1/4/5/0
1,4,5,0,28,250,800,constant,pam,0.9928518938146156,mixture/1/4/5/0
1,4,5,0,28,300,800,constant,single,0.7138788847241813,mixture/1/4/5/0
1,4,5,0,28,300,800,constant,average,1.0,mixture/1/4/5/0
1,4,5,0,28,300,800,constant,pam,0.9857710280120514,mixture/1/4/5/0
1,4,5,0,28,350,800,constant,single,0.7138788847241813,mixture/1/4/5/0
1,4,5,0,28,350,800,constant,average,1.0,mixture/1/4/5/0
1,4,5,0,28,350,800,constant,pam,0.9964175860032849,mixture/1/4/5/0
1,4,5,0,28,400,800,constant,single,0.7138788847241813,mixture/1/4/5/0
1,4,5,0,28,400,800,constant,average,1.0,mixture/1/4/5/0
1,4,5,0,28,400,800,constant,pam,0.9928518938146156,mixture/1/4/5/0
1,4,5,0,28,450,800,constant,single,1.0,mixture/1/4/5/0
1,4,5,0,28,450,800,constant,average,1.0,mixture/1/4/5/0
1,4,5,0,28,450,800,constant,pam,0.9964175860032849,mixture/1/4/5/0
1,4,5,0,28,500,800,constant,single,1.0,mixture/1/4/5/0
1,4,5,0,28,500,800,constant,average,1.0,mixture/1/4/5/0
1,4,5,0,28,500,800,constant,pam,0.9964175860032849,mixture/1/4/5/0
1,4,5,0,29,50,800,constant,single,0.00017540155917397616,mixture/1/4/5/0
1,4,5,0,29,50,800,constant,average,0.6375209784855062,mixture/1/4/5/0
1,4,5,0,29,50,800,constant,pam,0.6458507477037869,mixture/1/4/5/0
1,4,5,0,29,100,800,constant,single,-0.0002777729252773524,mixture/1/4/5/0
1,4,5,0,29,100,800,constant,average,0.7020151647489921,mixture/1/4/5/0
1,4,5,0,29,100,800,constant,pam,0.8762269282871166,mixture/1/4/5/0
1,4,5,0,29,150,800,constant,single,0.30929970693184755,mixture/1/4/5/0
1,4,5,0,29,150,800,constant,average,0.712076942331839,mixture/1/4/5/0
1,4,5,0,29,150,800,constant,pam,0.9581483186195126,mixture/1/4/5/0
1,4,5,0,29,200,800,constant,single,0.30929970693184755,mixture/1/4/5/0
1,4,5,0,29,200,800,constant,average,1.0,mixture/1/4/5/0
1,4,5,0,29,200,800,constant,pam,0.9822591251165083,mixture/1/4/5/0
1,4,5,0,29,250,800,constant,single,0.31053079786189763,mixture/1/4/5/0
1,4,5,0,29,250,800,constant,average,1.0,mixture/1/4/5/0
1,4,5,0,29,250,800,constant,pam,0.992852606701225,mixture/1/4/5/0
1,4,5,0,29,300,800,constant,single,0.6742452473808714,mixture/1/4/5/0
1,4,5,0,29,300,800,constant,average,1.0,mixture/1/4/5/0
1,4,5,0,29,300,800,constant,pam,0.9964178539734131,mixture/1/4/5/0
1,4,5,0,29,350,800,constant,single,0.6752944902884023,mixture/1/4/5/0
1,4,5,0,29,350,800,constant,average,1.0,mixture/1/4/5/0
1,4,5,0,29,350,800,constant,pam,0.9964178539734131,mixture/1/4/5/0
1,4,5,0,29,400,800,constant,single,0.7118481194919671,mixture/1/4/5/0
1,4,5,0,29,400,800,constant,average,1.0,mixture/1/4/5/0
1,4,5,0,29,400,800,constant,pam,0.9964178539734131,mixture/1/4/5/0
1,4,5,0,29,450,800,constant,single,1.0,mixture/1/4/5/0
1,4,5,0,29,450,800,constant,average,1.0,mixture/1/4/5/0
1,4,5,0,29,450,800,constant,pam,1.0,mixture/1/4/5/0
1,4,5,0,29,500,800,constant,single,1.0,mixture/1/4/5/0
1,4,5,0,29,500,800,constant,average,1.0,mixture/1/4/5/0
1,4,5,0,29,500,800,constant,pam,0.9964178539734131,mixture/1/4/5/0
